iter	Logloss
0	0.6115906982
1	0.5524404907
2	0.477222168
3	0.4480778809
4	0.414165863
